{"cameraMode":{"drawMode":0,"name":"Shaded","section":"Shading Mode"},"sceneLighting":false,"audioPlay":false,"sceneViewState":{"showFog":true,"showMaterialUpdate":false,"showSkybox":true,"showFlares":true,"showImageEffects":true,"showParticleSystems":true},"in2DMode":false,"pivot":{"x":18.89824676513672,"y":13.98532772064209,"z":32.6478271484375},"rotation":{"x":-0.02619398944079876,"y":0.9700758457183838,"z":-0.20828773081302644,"w":-0.12199586629867554},"size":6.0587239265441898,"orthographic":false}