{"cameraMode":{"drawMode":0,"name":"Shaded","section":"Shading Mode"},"sceneLighting":false,"audioPlay":false,"sceneViewState":{"showFog":true,"showMaterialUpdate":false,"showSkybox":true,"showFlares":true,"showImageEffects":true,"showParticleSystems":true},"in2DMode":false,"pivot":{"x":2.0399999618530275,"y":0.0,"z":-5.050000190734863},"rotation":{"x":-0.24351464211940766,"y":-0.3046805262565613,"z":0.08088840544223786,"w":-0.9172391295433044},"size":1.3041656017303467,"orthographic":false}