{"cameraMode":{"drawMode":0,"name":"Shaded","section":"Shading Mode"},"sceneLighting":false,"audioPlay":false,"sceneViewState":{"showFog":true,"showMaterialUpdate":false,"showSkybox":true,"showFlares":true,"showImageEffects":true,"showParticleSystems":true},"in2DMode":false,"pivot":{"x":-28.399999618530275,"y":-2.369999885559082,"z":10.579999923706055},"rotation":{"x":0.20219531655311585,"y":0.6940438747406006,"z":-0.21355421841144563,"w":0.6571261882781982},"size":4.041658401489258,"orthographic":false}