{"cameraMode":{"drawMode":0,"name":"Shaded","section":"Shading Mode"},"sceneLighting":false,"audioPlay":false,"sceneViewState":{"showFog":true,"showMaterialUpdate":false,"showSkybox":true,"showFlares":true,"showImageEffects":true,"showParticleSystems":true},"in2DMode":false,"pivot":{"x":-17.3644962310791,"y":2.1424102783203127,"z":5.675754547119141},"rotation":{"x":0.23411178588867188,"y":0.07370583713054657,"z":-0.017802901566028596,"w":0.9692482948303223},"size":24.90291404724121,"orthographic":false}