{"cameraMode":{"drawMode":0,"name":"Shaded","section":"Shading Mode"},"sceneLighting":false,"audioPlay":false,"sceneViewState":{"showFog":true,"showMaterialUpdate":false,"showSkybox":true,"showFlares":true,"showImageEffects":true,"showParticleSystems":true},"in2DMode":false,"pivot":{"x":-15.992652893066407,"y":1.4060430526733399,"z":18.536773681640626},"rotation":{"x":0.13269107043743134,"y":0.7608704566955566,"z":-0.16456325352191926,"w":0.6135048866271973},"size":6.058721542358398,"orthographic":false}