{"cameraMode":{"drawMode":0,"name":"Shaded","section":"Shading Mode"},"sceneLighting":false,"audioPlay":false,"sceneViewState":{"showFog":true,"showMaterialUpdate":false,"showSkybox":true,"showFlares":true,"showImageEffects":true,"showParticleSystems":true},"in2DMode":false,"pivot":{"x":5.559999942779541,"y":0.019999980926513673,"z":-24.81999969482422},"rotation":{"x":0.1790250837802887,"y":0.008572918362915516,"z":-0.0015596264274790884,"w":0.9838059544563294},"size":6.058722019195557,"orthographic":false}